Item,Quantity,Unit Price,Link,Notes
Seeed Studio XIAO ESP32-S3 Plus (SKU 102010671),1,~10,https://www.seeedstudio.com/Seeed-Studio-XIAO-ESP32S3-Plus-p-6361.html,"240MHz dual-core, 8MB PSRAM + 16MB flash, ~20 GPIO (11 edge + 9 rear SMD pads), deep sleep 14uA (mkt) / 69uA (spec table), onboard 2.4GHz rod antenna, 1S LiPo charger. Single-sided thin board, temple-arm friendly. Verify price at order."
OV2640 24-pin DVP camera module (75MM-120 variant),1,8.19,https://www.aliexpress.us/item/3256805763260734.html,"2MP, DVP 24-pin 0.5mm FPC, 120 deg FOV daylight (IR-cut) sensor, 75mm FPC cable. Needs 24-pin 0.5mm FPC breakout to wire to Plus. Skip 850nm/650nm night-vision variants for daytime use."
Bone conduction transducer,2,,,8-16 ohm; can salvage from cheap bone-conduction earphones
MAX98357A I2S class-D amp,2,,,Mono audio out, drives bone conduction transducers; gate via SD pin
Ultra-slim 1S LiPo (300-400 mAh, with protection PCB),2,,,Wire in parallel to XIAO BAT+/BAT- pads
MAX30102 heart-rate breakout,1,,,PPG over I2C; 1.8V logic (level shift or power rail)
Electret mic + envelope comparator,1,,,Always-on wake-on-sound; wakes ESP32 from deep sleep via GPIO
INMP441 I2S mic,1,,,Primary speech mic (Plus has no onboard mic); I2S PDM into S3, streams to PC for STT
Antenna routing,1,,,Keep onboard rod antenna region clear of metal in the temple-arm housing
